Method,Total_Trials,Failures_RE>1,Failure_Rate_%,Severe_RE>10,Severe_Rate_%
Barron,1620,248,15.308641975308642,73,4.506172839506172
Cauchy,1620,179,11.049382716049383,72,4.444444444444445
GM,1620,230,14.197530864197532,69,4.2592592592592595
Huber,1620,301,18.580246913580247,170,10.493827160493828
Lf_dual,1620,66,4.074074074074074,5,0.30864197530864196
OLS,1620,608,37.53086419753087,285,17.59259259259259
Tukey,1620,179,11.049382716049383,63,3.888888888888889
Welsch,1620,283,17.469135802469136,86,5.308641975308642
