Method,Grand_Mean,Grand_Median,Worst_Case,Total_Trials,Failure_Rate_%
Lf_dual,0.439509157461867,0.04718830799684642,288.4322548244246,6920,3.554913294797688
GM,24.941248695228694,0.04206351064544605,26370.47667194563,6920,13.497109826589595
Welsch,79.31347356196711,0.057035208203579046,21708.687413824242,6920,15.592485549132949
Tukey,90.42024428108277,0.057982427700609296,55791.99647889923,6918,10.11853136744724
Barron,93.46346687640367,0.03579191367957189,66917.10268819369,6917,14.341477519155703
OLS,6590550309.605994,0.5974354448585341,4325380589646.2217,6902,37.8730802665894
Huber,14633070718.59776,0.08799289808546354,2154469843522.4014,6916,18.001735106998265
Cauchy,22079591325.01731,0.04557894163980662,2734727587973.1353,6919,9.726839138603845
